{"cameraMode":{"drawMode":0,"name":"Shaded","section":"Shading Mode"},"sceneLighting":false,"audioPlay":false,"sceneViewState":{"m_AlwaysRefresh":false,"showFog":true,"showSkybox":false,"showFlares":true,"showImageEffects":true,"showParticleSystems":true,"showVisualEffectGraphs":true,"m_FxEnabled":false},"in2DMode":false,"pivot":{"x":0.0013365154154598714,"y":-0.0073561836034059528,"z":0.02901032567024231},"rotation":{"x":0.08278345316648483,"y":-0.7074487209320068,"z":0.08400142937898636,"w":0.6969007849693298},"size":1.0822352170944214,"orthographic":false}